model,horizon_hours,seed,development_fit_seconds,final_fit_seconds,prediction_seconds,parameter_count,artifact_bytes,threshold_policy,threshold,windows,positive_windows,prevalence,average_precision,ap_lift_over_prevalence,roc_auc,brier_score,balanced_accuracy,precision,recall,f1,tn,fp,fn,tp,false_alert_episodes,evaluated_days,false_alert_episodes_per_day,held_out_event_detected,first_alert_lead_hours
xgboost,1,17,0.32389338600000883,0.10268924100000731,0.011206111000092278,,22305,reference_0.5,0.5,2032,2,0.000984251968503937,0.0017497812773403325,1.777777777777778,0.5,0.11002737477818543,0.4970443349753695,0.0,0.0,0.0,2018,12,2,0,12,42.333333333333336,0.28346456692913385,False,
xgboost,1,17,0.32389338600000883,0.10268924100000731,0.011206111000092278,,22305,development_selected,0.3,2032,2,0.000984251968503937,0.0017497812773403325,1.777777777777778,0.5,0.11002737477818543,0.31527093596059114,0.0,0.0,0.0,1280,750,2,0,301,42.333333333333336,7.110236220472441,False,
xgboost,1,42,0.23235474199987038,0.08101188299997375,0.006099072999859345,,35046,reference_0.5,0.5,2032,2,0.000984251968503937,0.0011173184357541898,1.135195530726257,0.12142857142857144,0.04266372282850415,0.4899014778325123,0.0,0.0,0.0,1989,41,2,0,36,42.333333333333336,0.8503937007874015,False,
xgboost,1,42,0.23235474199987038,0.08101188299997375,0.006099072999859345,,35046,development_selected,0.3,2032,2,0.000984251968503937,0.0011173184357541898,1.135195530726257,0.12142857142857144,0.04266372282850415,0.46551724137931033,0.0,0.0,0.0,1890,140,2,0,73,42.333333333333336,1.7244094488188975,False,
xgboost,1,89,0.207530578999922,0.062321414000052755,0.005526012000018454,,17847,reference_0.5,0.5,2032,2,0.000984251968503937,0.0019455252918287938,1.9766536964980546,0.6379310344827587,0.16038935771674864,0.4770935960591133,0.0,0.0,0.0,1937,93,2,0,42,42.333333333333336,0.9921259842519684,False,
xgboost,1,89,0.207530578999922,0.062321414000052755,0.005526012000018454,,17847,development_selected,0.3,2032,2,0.000984251968503937,0.0019455252918287938,1.9766536964980546,0.6379310344827587,0.16038935771674864,0.5,0.000984251968503937,1.0,0.0019665683382497543,0,2030,0,2,63,42.333333333333336,1.4881889763779528,True,0.5319444444444444
xgboost,3,17,0.18149649499991938,0.05338889999984531,0.005284982000148375,,14179,reference_0.5,0.5,2032,6,0.002952755905511811,0.002952755905511811,1.0,0.4358341559723593,0.23057826888127028,0.4420039486673248,0.0,0.0,0.0,1791,235,6,0,67,42.333333333333336,1.5826771653543306,False,
xgboost,3,17,0.18149649499991938,0.05338889999984531,0.005284982000148375,,14179,development_selected,0.38,2032,6,0.002952755905511811,0.002952755905511811,1.0,0.4358341559723593,0.23057826888127028,0.5,0.002952755905511811,1.0,0.005888125613346418,0,2026,0,6,63,42.333333333333336,1.4881889763779528,True,2.531944444444445
xgboost,3,42,0.17106689399997776,0.0509124029999839,0.005422281999926781,,15980,reference_0.5,0.5,2032,6,0.002952755905511811,0.0029644268774703555,1.0039525691699605,0.4397828232971372,0.194813969520153,0.45557749259624875,0.0,0.0,0.0,1846,180,6,0,56,42.333333333333336,1.3228346456692912,False,
xgboost,3,42,0.17106689399997776,0.0509124029999839,0.005422281999926781,,15980,development_selected,0.38,2032,6,0.002952755905511811,0.0029644268774703555,1.0039525691699605,0.4397828232971372,0.194813969520153,0.5,0.002952755905511811,1.0,0.005888125613346418,0,2026,0,6,63,42.333333333333336,1.4881889763779528,True,2.531944444444445
xgboost,3,89,0.2613056870000037,0.07938399599993318,0.007486141999834217,,15093,reference_0.5,0.5,2032,6,0.002952755905511811,0.002957121734844751,1.0014785608674224,0.4395360315893386,0.21190432876282084,0.4602665350444225,0.0,0.0,0.0,1865,161,6,0,62,42.333333333333336,1.464566929133858,False,
xgboost,3,89,0.2613056870000037,0.07938399599993318,0.007486141999834217,,15093,development_selected,0.38,2032,6,0.002952755905511811,0.002957121734844751,1.0014785608674224,0.4395360315893386,0.21190432876282084,0.5,0.002952755905511811,1.0,0.005888125613346418,0,2026,0,6,63,42.333333333333336,1.4881889763779528,True,2.531944444444445
xgboost,6,17,0.16890768600001138,0.05100687399999515,0.004956938999839622,,16936,reference_0.5,0.5,2032,12,0.005905511811023622,0.005645619617688908,0.9559915885953217,0.4412747524752475,0.18378098391851716,0.4504950495049505,0.0,0.0,0.0,1820,200,12,0,54,42.333333333333336,1.2755905511811023,False,
xgboost,6,17,0.16890768600001138,0.05100687399999515,0.004956938999839622,,16936,development_selected,0.36,2032,12,0.005905511811023622,0.005645619617688908,0.9559915885953217,0.4412747524752475,0.18378098391851716,0.5,0.005905511811023622,1.0,0.011741682974559686,0,2020,0,12,63,42.333333333333336,1.4881889763779528,True,5.531944444444444
xgboost,6,42,0.18860403799999403,0.05301682999993318,0.005264469999929133,,14194,reference_0.5,0.5,2032,12,0.005905511811023622,0.005905511811023622,1.0,0.43564356435643564,0.22964687264508488,0.45544554455445546,0.0,0.0,0.0,1840,180,12,0,65,42.333333333333336,1.5354330708661417,False,
xgboost,6,42,0.18860403799999403,0.05301682999993318,0.005264469999929133,,14194,development_selected,0.36,2032,12,0.005905511811023622,0.005905511811023622,1.0,0.43564356435643564,0.22964687264508488,0.5,0.005905511811023622,1.0,0.011741682974559686,0,2020,0,12,63,42.333333333333336,1.4881889763779528,True,5.531944444444444
xgboost,6,89,0.1786195179997776,0.05560313099999803,0.004917441000088729,,14202,reference_0.5,0.5,2032,12,0.005905511811023622,0.005905511811023622,1.0,0.43787128712871287,0.23067697753939256,0.4430693069306931,0.0,0.0,0.0,1790,230,12,0,59,42.333333333333336,1.3937007874015748,False,
xgboost,6,89,0.1786195179997776,0.05560313099999803,0.004917441000088729,,14202,development_selected,0.36,2032,12,0.005905511811023622,0.005905511811023622,1.0,0.43787128712871287,0.23067697753939256,0.5,0.005905511811023622,1.0,0.011741682974559686,0,2020,0,12,63,42.333333333333336,1.4881889763779528,True,5.531944444444444
xgboost,12,17,0.16266571899973314,0.04769469999996545,0.005006395999998858,,14320,reference_0.5,0.5,2032,24,0.011811023622047244,0.011450528109389551,0.969478046594982,0.45459827357237714,0.2338149657623104,0.4026394422310757,0.0,0.0,0.0,1617,391,24,0,111,42.333333333333336,2.622047244094488,False,
xgboost,12,17,0.16266571899973314,0.04769469999996545,0.005006395999998858,,14320,development_selected,0.35,2032,24,0.011811023622047244,0.011450528109389551,0.969478046594982,0.45459827357237714,0.2338149657623104,0.5,0.011811023622047244,1.0,0.023346303501945526,0,2008,0,24,63,42.333333333333336,1.4881889763779528,True,11.531944444444443
xgboost,12,42,0.27431889699983003,0.08575371899996753,0.008634326999981567,,17152,reference_0.5,0.5,2032,24,0.011811023622047244,0.014290923968312105,1.2099648959837581,0.5318102589641435,0.20591123413601756,0.4096115537848606,0.0,0.0,0.0,1645,363,24,0,99,42.333333333333336,2.338582677165354,False,
xgboost,12,42,0.27431889699983003,0.08575371899996753,0.008634326999981567,,17152,development_selected,0.35,2032,24,0.011811023622047244,0.014290923968312105,1.2099648959837581,0.5318102589641435,0.20591123413601756,0.5,0.011811023622047244,1.0,0.023346303501945526,0,2008,0,24,63,42.333333333333336,1.4881889763779528,True,11.531944444444443
xgboost,12,89,0.17993686799991337,0.04948527300007299,0.0049334599998474005,,14202,reference_0.5,0.5,2032,24,0.011811023622047244,0.011117638436556688,0.9412933876284663,0.3806440903054448,0.23592402225935902,0.37250996015936255,0.0,0.0,0.0,1496,512,24,0,140,42.333333333333336,3.3070866141732282,False,
xgboost,12,89,0.17993686799991337,0.04948527300007299,0.0049334599998474005,,14202,development_selected,0.35,2032,24,0.011811023622047244,0.011117638436556688,0.9412933876284663,0.3806440903054448,0.23592402225935902,0.5,0.011811023622047244,1.0,0.023346303501945526,0,2008,0,24,63,42.333333333333336,1.4881889763779528,True,11.531944444444443
tcn,1,17,44.635608324999794,13.81356131199982,0.020524778999970295,29185.0,126879,reference_0.5,0.5,2032,2,0.000984251968503937,0.0007431900464890139,0.7550810872328382,0.007142857142857173,0.0011311052048437655,0.5,0.0,0.0,0.0,2030,0,2,0,0,42.333333333333336,0.0,False,
tcn,1,17,44.635608324999794,13.81356131199982,0.020524778999970295,29185.0,126879,development_selected,0.95,2032,2,0.000984251968503937,0.0007431900464890139,0.7550810872328382,0.007142857142857173,0.0011311052048437655,0.5,0.0,0.0,0.0,2030,0,2,0,0,42.333333333333336,0.0,False,
tcn,1,42,34.565659563000054,11.702604212999859,0.017577614999936486,29185.0,126879,reference_0.5,0.5,2032,2,0.000984251968503937,0.0007414734223459994,0.7533369971035354,0.00443349753694583,0.0009842559057010355,0.5,0.0,0.0,0.0,2030,0,2,0,0,42.333333333333336,0.0,False,
tcn,1,42,34.565659563000054,11.702604212999859,0.017577614999936486,29185.0,126879,development_selected,0.95,2032,2,0.000984251968503937,0.0007414734223459994,0.7533369971035354,0.00443349753694583,0.0009842559057010355,0.5,0.0,0.0,0.0,2030,0,2,0,0,42.333333333333336,0.0,False,
tcn,1,89,40.13410079000005,15.47801444699985,0.017855541000017183,29185.0,126879,reference_0.5,0.5,2032,2,0.000984251968503937,0.0007415958987203068,0.7534614330998317,0.004679802955665058,0.0010130014593861297,0.5,0.0,0.0,0.0,2030,0,2,0,0,42.333333333333336,0.0,False,
tcn,1,89,40.13410079000005,15.47801444699985,0.017855541000017183,29185.0,126879,development_selected,0.95,2032,2,0.000984251968503937,0.0007415958987203068,0.7534614330998317,0.004679802955665058,0.0010130014593861297,0.5,0.0,0.0,0.0,2030,0,2,0,0,42.333333333333336,0.0,False,
tcn,3,17,35.523915348999935,12.88137314000005,0.017613296000035916,29185.0,126879,reference_0.5,0.5,2032,6,0.002952755905511811,0.0017291515203535356,0.5856059815597308,0.005018098058571914,0.0038190219541268866,0.5,0.0,0.0,0.0,2026,0,6,0,0,42.333333333333336,0.0,False,
tcn,3,17,35.523915348999935,12.88137314000005,0.017613296000035916,29185.0,126879,development_selected,0.08,2032,6,0.002952755905511811,0.0017291515203535356,0.5856059815597308,0.005018098058571914,0.0038190219541268866,0.4859328726554788,0.0,0.0,0.0,1969,57,6,0,54,42.333333333333336,1.2755905511811023,False,
tcn,3,42,29.542323013000214,9.275645637000025,0.017666130999941743,29185.0,126879,reference_0.5,0.5,2032,6,0.002952755905511811,0.0017278409342061651,0.5851621297178212,0.003784139519578807,0.003123556034071453,0.5,0.0,0.0,0.0,2026,0,6,0,0,42.333333333333336,0.0,False,
tcn,3,42,29.542323013000214,9.275645637000025,0.017666130999941743,29185.0,126879,development_selected,0.08,2032,6,0.002952755905511811,0.0017278409342061651,0.5851621297178212,0.003784139519578807,0.003123556034071453,0.4987660414610069,0.0,0.0,0.0,2021,5,6,0,5,42.333333333333336,0.11811023622047244,False,
tcn,3,89,43.945017131999975,18.114913738999803,0.01779408700008389,29185.0,126879,reference_0.5,0.5,2032,6,0.002952755905511811,0.0017512102862317887,0.5930765502704991,0.025995393221454444,0.004636197188593908,0.49950641658440276,0.0,0.0,0.0,2024,2,6,0,2,42.333333333333336,0.047244094488188976,False,
tcn,3,89,43.945017131999975,18.114913738999803,0.01779408700008389,29185.0,126879,development_selected,0.08,2032,6,0.002952755905511811,0.0017512102862317887,0.5930765502704991,0.025995393221454444,0.004636197188593908,0.4819842053307009,0.0,0.0,0.0,1953,73,6,0,53,42.333333333333336,1.2519685039370079,False,
tcn,6,17,19.643407576000072,2.5632687410000017,0.0173906810000517,29185.0,126879,reference_0.5,0.5,2032,12,0.005905511811023622,0.004847724993992166,0.8208814323160067,0.32083333333333336,0.006762453237218835,0.49975247524752475,0.0,0.0,0.0,2019,1,12,0,1,42.333333333333336,0.023622047244094488,False,
tcn,6,17,19.643407576000072,2.5632687410000017,0.0173906810000517,29185.0,126879,development_selected,0.87,2032,12,0.005905511811023622,0.004847724993992166,0.8208814323160067,0.32083333333333336,0.006762453237218835,0.49975247524752475,0.0,0.0,0.0,2019,1,12,0,1,42.333333333333336,0.023622047244094488,False,
tcn,6,42,18.89658392499996,1.6614159299999756,0.017482991999941078,29185.0,126879,reference_0.5,0.5,2032,12,0.005905511811023622,0.0034433911435339357,0.5830809003050798,0.12685643564356436,0.011415241111937084,0.5,0.0,0.0,0.0,2020,0,12,0,0,42.333333333333336,0.0,False,
tcn,6,42,18.89658392499996,1.6614159299999756,0.017482991999941078,29185.0,126879,development_selected,0.87,2032,12,0.005905511811023622,0.0034433911435339357,0.5830809003050798,0.12685643564356436,0.011415241111937084,0.5,0.0,0.0,0.0,2020,0,12,0,0,42.333333333333336,0.0,False,
tcn,6,89,28.659826017999876,8.479215361999877,0.01759977599999729,29185.0,126879,reference_0.5,0.5,2032,12,0.005905511811023622,0.0032376252009488717,0.5482378673606756,0.0177805280528053,0.014631262628939391,0.5,0.0,0.0,0.0,2020,0,12,0,0,42.333333333333336,0.0,False,
tcn,6,89,28.659826017999876,8.479215361999877,0.01759977599999729,29185.0,126879,development_selected,0.87,2032,12,0.005905511811023622,0.0032376252009488717,0.5482378673606756,0.0177805280528053,0.014631262628939391,0.5,0.0,0.0,0.0,2020,0,12,0,0,42.333333333333336,0.0,False,
tcn,12,17,18.322884365000164,1.7133065620000707,0.01762512200002675,29185.0,126879,reference_0.5,0.5,2032,24,0.011811023622047244,0.007667169704283066,0.6491537016292995,0.27016932270916333,0.08542684514501461,0.499003984063745,0.0,0.0,0.0,2004,4,24,0,2,42.333333333333336,0.047244094488188976,False,
tcn,12,17,18.322884365000164,1.7133065620000707,0.01762512200002675,29185.0,126879,development_selected,0.05,2032,24,0.011811023622047244,0.007667169704283066,0.6491537016292995,0.27016932270916333,0.08542684514501461,0.5,0.011811023622047244,1.0,0.023346303501945526,0,2008,0,24,63,42.333333333333336,1.4881889763779528,True,11.531944444444443
tcn,12,42,18.934002209000028,2.36987983899985,0.017326260000118054,29185.0,126879,reference_0.5,0.5,2032,24,0.011811023622047244,0.0069106849325998,0.5851046576267831,0.18110889774236386,0.03187440409846426,0.49975099601593626,0.0,0.0,0.0,2007,1,24,0,1,42.333333333333336,0.023622047244094488,False,
tcn,12,42,18.934002209000028,2.36987983899985,0.017326260000118054,29185.0,126879,development_selected,0.05,2032,24,0.011811023622047244,0.0069106849325998,0.5851046576267831,0.18110889774236386,0.03187440409846426,0.3421314741035857,0.007878151260504201,0.625,0.015560165975103735,119,1889,9,15,104,42.333333333333336,2.456692913385827,True,11.531944444444443
tcn,12,89,18.29346608099968,1.6326315899998463,0.017491594999910376,29185.0,126879,reference_0.5,0.5,2032,24,0.011811023622047244,0.0064458258554178985,0.5457465890920488,0.08843791500664008,0.038234462576590564,0.5,0.0,0.0,0.0,2008,0,24,0,0,42.333333333333336,0.0,False,
tcn,12,89,18.29346608099968,1.6326315899998463,0.017491594999910376,29185.0,126879,development_selected,0.05,2032,24,0.011811023622047244,0.0064458258554178985,0.5457465890920488,0.08843791500664008,0.038234462576590564,0.2632802124833997,0.005844845908607864,0.4583333333333333,0.011542497376705142,137,1871,13,11,118,42.333333333333336,2.7874015748031495,True,11.531944444444443
attention_tcn,1,17,29.916320785999915,7.616854065000098,0.018287289999989298,30274.0,132555,reference_0.5,0.5,2032,2,0.000984251968503937,0.0008209388870343583,0.834073909226908,0.11354679802955664,0.0009861365633333067,0.5,0.0,0.0,0.0,2030,0,2,0,0,42.333333333333336,0.0,False,
attention_tcn,1,17,29.916320785999915,7.616854065000098,0.018287289999989298,30274.0,132555,development_selected,0.06,2032,2,0.000984251968503937,0.0008209388870343583,0.834073909226908,0.11354679802955664,0.0009861365633333067,0.5,0.0,0.0,0.0,2030,0,2,0,0,42.333333333333336,0.0,False,
attention_tcn,1,42,31.953812570999844,10.278799621999951,0.017841125999893848,30274.0,132555,reference_0.5,0.5,2032,2,0.000984251968503937,0.0007403754843213457,0.7522214920704872,0.0029556650246305716,0.0009881356393051117,0.5,0.0,0.0,0.0,2030,0,2,0,0,42.333333333333336,0.0,False,
attention_tcn,1,42,31.953812570999844,10.278799621999951,0.017841125999893848,30274.0,132555,development_selected,0.06,2032,2,0.000984251968503937,0.0007403754843213457,0.7522214920704872,0.0029556650246305716,0.0009881356393051117,0.5,0.0,0.0,0.0,2030,0,2,0,0,42.333333333333336,0.0,False,
attention_tcn,1,89,27.145845066999755,6.275768375000098,0.01732665800000177,30274.0,132555,reference_0.5,0.5,2032,2,0.000984251968503937,0.0007400102271897145,0.7518503908247499,0.0024630541871921152,0.0012121857421175533,0.5,0.0,0.0,0.0,2030,0,2,0,0,42.333333333333336,0.0,False,
attention_tcn,1,89,27.145845066999755,6.275768375000098,0.01732665800000177,30274.0,132555,development_selected,0.06,2032,2,0.000984251968503937,0.0007400102271897145,0.7518503908247499,0.0024630541871921152,0.0012121857421175533,0.5,0.0,0.0,0.0,2030,0,2,0,0,42.333333333333336,0.0,False,
attention_tcn,3,17,33.68111767699975,10.766720295999676,0.017268051999963063,30274.0,132555,reference_0.5,0.5,2032,6,0.002952755905511811,0.0017402709575039246,0.5893717642746624,0.018180322474498207,0.0035830912446391337,0.5,0.0,0.0,0.0,2026,0,6,0,0,42.333333333333336,0.0,False,
attention_tcn,3,17,33.68111767699975,10.766720295999676,0.017268051999963063,30274.0,132555,development_selected,0.05,2032,6,0.002952755905511811,0.0017402709575039246,0.5893717642746624,0.018180322474498207,0.0035830912446391337,0.47433366238894376,0.0,0.0,0.0,1922,104,6,0,74,42.333333333333336,1.7480314960629921,False,
attention_tcn,3,42,34.40922224699989,10.795851968000079,0.0184507140002097,30274.0,132555,reference_0.5,0.5,2032,6,0.002952755905511811,0.0017286028046481652,0.5854201498408453,0.0032082922013820236,0.0037353969379143384,0.5,0.0,0.0,0.0,2026,0,6,0,0,42.333333333333336,0.0,False,
attention_tcn,3,42,34.40922224699989,10.795851968000079,0.0184507140002097,30274.0,132555,development_selected,0.05,2032,6,0.002952755905511811,0.0017286028046481652,0.5854201498408453,0.0032082922013820236,0.0037353969379143384,0.45779861796643634,0.0,0.0,0.0,1855,171,6,0,79,42.333333333333336,1.8661417322834644,False,
attention_tcn,3,89,24.99106458099959,5.263650259999849,0.017402683999989677,30274.0,132555,reference_0.5,0.5,2032,6,0.002952755905511811,0.0017673954301702008,0.5985579190176413,0.0257486015136558,0.004369236720000799,0.5,0.0,0.0,0.0,2026,0,6,0,0,42.333333333333336,0.0,False,
attention_tcn,3,89,24.99106458099959,5.263650259999849,0.017402683999989677,30274.0,132555,development_selected,0.05,2032,6,0.002952755905511811,0.0017673954301702008,0.5985579190176413,0.0257486015136558,0.004369236720000799,0.41707798617966435,0.0,0.0,0.0,1690,336,6,0,80,42.333333333333336,1.889763779527559,False,
attention_tcn,6,17,18.761414999999488,2.225757729000179,0.018340066999826377,30274.0,132555,reference_0.5,0.5,2032,12,0.005905511811023622,0.0032174428884628337,0.5448203291130399,0.00478547854785479,0.007837244311150694,0.5,0.0,0.0,0.0,2020,0,12,0,0,42.333333333333336,0.0,False,
attention_tcn,6,17,18.761414999999488,2.225757729000179,0.018340066999826377,30274.0,132555,development_selected,0.05,2032,12,0.005905511811023622,0.0032174428884628337,0.5448203291130399,0.00478547854785479,0.007837244311150694,0.3608910891089109,0.0,0.0,0.0,1458,562,12,0,192,42.333333333333336,4.535433070866142,False,
attention_tcn,6,42,19.225622055000258,2.4928724479996163,0.018561291999958485,30274.0,132555,reference_0.5,0.5,2032,12,0.005905511811023622,0.003221970964220148,0.5455870832746117,0.007838283828382846,0.01652624076561793,0.49975247524752475,0.0,0.0,0.0,2019,1,12,0,1,42.333333333333336,0.023622047244094488,False,
attention_tcn,6,42,19.225622055000258,2.4928724479996163,0.018561291999958485,30274.0,132555,development_selected,0.05,2032,12,0.005905511811023622,0.003221970964220148,0.5455870832746117,0.007838283828382846,0.01652624076561793,0.01608910891089109,0.0,0.0,0.0,65,1955,12,0,65,42.333333333333336,1.5354330708661417,False,
attention_tcn,6,89,18.920395750000353,1.350856265999937,0.01741347899996981,30274.0,132555,reference_0.5,0.5,2032,12,0.005905511811023622,0.0032386475489255178,0.5484109849513877,0.012211221122112221,0.02655005378826764,0.5,0.0,0.0,0.0,2020,0,12,0,0,42.333333333333336,0.0,False,
attention_tcn,6,89,18.920395750000353,1.350856265999937,0.01741347899996981,30274.0,132555,development_selected,0.05,2032,12,0.005905511811023622,0.0032386475489255178,0.5484109849513877,0.012211221122112221,0.02655005378826764,0.29760726072607263,0.003494757863205192,0.5833333333333334,0.006947890818858561,24,1996,5,7,64,42.333333333333336,1.5118110236220472,True,5.531944444444444
attention_tcn,12,17,18.20866524799976,1.4119586179999715,0.018683175999740342,30274.0,132555,reference_0.5,0.5,2032,24,0.011811023622047244,0.006257025989432438,0.5297615337719465,0.016226759628154036,0.057124846111248836,0.4995019920318725,0.0,0.0,0.0,2006,2,24,0,2,42.333333333333336,0.047244094488188976,False,
attention_tcn,12,17,18.20866524799976,1.4119586179999715,0.018683175999740342,30274.0,132555,development_selected,0.06,2032,24,0.011811023622047244,0.006257025989432438,0.5297615337719465,0.016226759628154036,0.057124846111248836,0.5,0.011811023622047244,1.0,0.023346303501945526,0,2008,0,24,63,42.333333333333336,1.4881889763779528,True,11.531944444444443
attention_tcn,12,42,18.0914393500002,1.3165651149997757,0.02052794500013988,30274.0,132555,reference_0.5,0.5,2032,24,0.011811023622047244,0.006342376392020705,0.5369878678577531,0.033200531208499307,0.015736482847499705,0.4960159362549801,0.0,0.0,0.0,1992,16,24,0,2,42.333333333333336,0.047244094488188976,False,
attention_tcn,12,42,18.0914393500002,1.3165651149997757,0.02052794500013988,30274.0,132555,development_selected,0.06,2032,24,0.011811023622047244,0.006342376392020705,0.5369878678577531,0.033200531208499307,0.015736482847499705,0.49576693227091634,0.0,0.0,0.0,1991,17,24,0,2,42.333333333333336,0.047244094488188976,False,
attention_tcn,12,89,26.275319717000457,6.316365917999974,0.018086096000388352,30274.0,132555,reference_0.5,0.5,2032,24,0.011811023622047244,0.0063179887506963316,0.534923047558956,0.02521165338645416,0.11804647042985014,0.45617529880478086,0.0,0.0,0.0,1832,176,24,0,101,42.333333333333336,2.385826771653543,False,
attention_tcn,12,89,26.275319717000457,6.316365917999974,0.018086096000388352,30274.0,132555,development_selected,0.06,2032,24,0.011811023622047244,0.0063179887506963316,0.534923047558956,0.02521165338645416,0.11804647042985014,0.05635790172642762,0.0010251153254741158,0.08333333333333333,0.0020253164556962027,59,1949,22,2,64,42.333333333333336,1.5118110236220472,True,11.531944444444443
